{
  "Baseline BF16_bs1": {
    "mean_ms": 1793.710902298335,
    "std_ms": 2.7472661836490153
  },
  "Baseline BF16_bs8": {
    "mean_ms": 1795.8244109875523,
    "std_ms": 4.263356183639242
  },
  "Baseline BF16_bs32": {
    "mean_ms": 1829.1888225940056,
    "std_ms": 19.37543700570727
  },
  "FP32 flag_bs1": {
    "mean_ms": 1780.5502670933492,
    "std_ms": 8.425428624911287
  },
  "FP32 flag_bs8": {
    "mean_ms": 1802.2319593816064,
    "std_ms": 2.875728204718427
  },
  "FP32 flag_bs32": {
    "mean_ms": 1826.1412087013014,
    "std_ms": 22.165031497686627
  },
  "Det algo only_bs1": {
    "mean_ms": 1852.375609986484,
    "std_ms": 12.491503617659747
  },
  "Det algo only_bs8": {
    "mean_ms": 1855.2021254901774,
    "std_ms": 17.76766855418251
  },
  "Det algo only_bs32": {
    "mean_ms": 1929.6530650928617,
    "std_ms": 111.04816256748867
  },
  "FP32 + Det algo_bs1": {
    "mean_ms": 1813.1190702086315,
    "std_ms": 7.115750459081999
  },
  "FP32 + Det algo_bs8": {
    "mean_ms": 1840.2030786965042,
    "std_ms": 20.591629503960142
  },
  "FP32 + Det algo_bs32": {
    "mean_ms": 1863.4067903156392,
    "std_ms": 14.415472093529614
  }
}