{
  "meta": {
    "K_max_theoretical": 7700,
    "M_ref": 2,
    "M_large": 32,
    "n_trials": 10,
    "dtype": "bfloat16",
    "gpu": "NVIDIA RTX A6000",
    "note": "N = K (square GEMM); zero_rate is fraction of output cells where row 0 matches bit-for-bit between M=2 and M=32."
  },
  "sweep": [
    {
      "K": 2048,
      "N": 2048,
      "bf16_linf_mean": 0.0004029273986816406,
      "dllm_linf_mean": 0.0004029273986816406,
      "bf16_zero_rate_mean": 0.9990234375,
      "dllm_zero_rate_mean": 0.9990234375,
      "bf16_linf_trials": [
        6.103515625e-05,
        0.0,
        6.103515625e-05,
        0.00048828125,
        0.001953125,
        0.0009765625,
        9.5367431640625e-07,
        0.000244140625,
        0.0001220703125,
        0.0001220703125
      ],
      "dllm_linf_trials": [
        6.103515625e-05,
        0.0,
        6.103515625e-05,
        0.00048828125,
        0.001953125,
        0.0009765625,
        9.5367431640625e-07,
        0.000244140625,
        0.0001220703125,
        0.0001220703125
      ]
    },
    {
      "K": 3072,
      "N": 3072,
      "bf16_linf_mean": 0.015625,
      "dllm_linf_mean": 0.0,
      "bf16_zero_rate_mean": 0.7308919548988342,
      "dllm_zero_rate_mean": 1.0,
      "bf16_linf_trials": [
        0.015625,
        0.015625,
        0.015625,
        0.015625,
        0.015625,
        0.015625,
        0.015625,
        0.015625,
        0.015625,
        0.015625
      ],
      "dllm_linf_trials": [
        0.0,
        0.0,
        0.0,
        0.0,
        0.0,
        0.0,
        0.0,
        0.0,
        0.0,
        0.0
      ]
    },
    {
      "K": 4096,
      "N": 4096,
      "bf16_linf_mean": 0.004907417297363281,
      "dllm_linf_mean": 0.004907417297363281,
      "bf16_zero_rate_mean": 0.9986328125,
      "dllm_zero_rate_mean": 0.9986328125,
      "bf16_linf_trials": [
        0.001953125,
        1.9073486328125e-06,
        0.0078125,
        0.0078125,
        0.0078125,
        0.00390625,
        0.00390625,
        0.0078125,
        0.000244140625,
        0.0078125
      ],
      "dllm_linf_trials": [
        0.001953125,
        1.9073486328125e-06,
        0.0078125,
        0.0078125,
        0.0078125,
        0.00390625,
        0.00390625,
        0.0078125,
        0.000244140625,
        0.0078125
      ]
    },
    {
      "K": 5120,
      "N": 5120,
      "bf16_linf_mean": 0.00751953125,
      "dllm_linf_mean": 0.00751953125,
      "bf16_zero_rate_mean": 0.9982812702655792,
      "dllm_zero_rate_mean": 0.9982812702655792,
      "bf16_linf_trials": [
        0.0078125,
        0.0078125,
        0.0009765625,
        0.0078125,
        0.00390625,
        0.0078125,
        0.015625,
        0.015625,
        0.00390625,
        0.00390625
      ],
      "dllm_linf_trials": [
        0.0078125,
        0.0078125,
        0.0009765625,
        0.0078125,
        0.00390625,
        0.0078125,
        0.015625,
        0.015625,
        0.00390625,
        0.00390625
      ]
    },
    {
      "K": 6144,
      "N": 6144,
      "bf16_linf_mean": 0.0,
      "dllm_linf_mean": 0.0,
      "bf16_zero_rate_mean": 1.0,
      "dllm_zero_rate_mean": 1.0,
      "bf16_linf_trials": [
        0.0,
        0.0,
        0.0,
        0.0,
        0.0,
        0.0,
        0.0,
        0.0,
        0.0,
        0.0
      ],
      "dllm_linf_trials": [
        0.0,
        0.0,
        0.0,
        0.0,
        0.0,
        0.0,
        0.0,
        0.0,
        0.0,
        0.0
      ]
    },
    {
      "K": 7168,
      "N": 7168,
      "bf16_linf_mean": 0.015625,
      "dllm_linf_mean": 0.007421875,
      "bf16_zero_rate_mean": 0.5826451122760773,
      "dllm_zero_rate_mean": 0.9975865304470062,
      "bf16_linf_trials": [
        0.015625,
        0.015625,
        0.015625,
        0.015625,
        0.015625,
        0.015625,
        0.015625,
        0.015625,
        0.015625,
        0.015625
      ],
      "dllm_linf_trials": [
        0.00390625,
        0.015625,
        0.0078125,
        0.0078125,
        0.0078125,
        0.0078125,
        0.00390625,
        0.00390625,
        0.0078125,
        0.0078125
      ]
    },
    {
      "K": 7680,
      "N": 7680,
      "bf16_linf_mean": 0.015625,
      "dllm_linf_mean": 0.01015625,
      "bf16_zero_rate_mean": 0.7304948329925537,
      "dllm_zero_rate_mean": 0.9971615135669708,
      "bf16_linf_trials": [
        0.015625,
        0.015625,
        0.015625,
        0.015625,
        0.015625,
        0.015625,
        0.015625,
        0.015625,
        0.015625,
        0.015625
      ],
      "dllm_linf_trials": [
        0.015625,
        0.0078125,
        0.0078125,
        0.0078125,
        0.0078125,
        0.0078125,
        0.0078125,
        0.015625,
        0.015625,
        0.0078125
      ]
    },
    {
      "K": 8192,
      "N": 8192,
      "bf16_linf_mean": 0.015625,
      "dllm_linf_mean": 0.009375,
      "bf16_zero_rate_mean": 0.5832275390625,
      "dllm_zero_rate_mean": 0.99720458984375,
      "bf16_linf_trials": [
        0.015625,
        0.015625,
        0.015625,
        0.015625,
        0.015625,
        0.015625,
        0.015625,
        0.015625,
        0.015625,
        0.015625
      ],
      "dllm_linf_trials": [
        0.015625,
        0.0078125,
        0.0078125,
        0.015625,
        0.0078125,
        0.0078125,
        0.0078125,
        0.0078125,
        0.0078125,
        0.0078125
      ]
    },
    {
      "K": 10240,
      "N": 10240,
      "bf16_linf_mean": 0.009375,
      "dllm_linf_mean": 0.009375,
      "bf16_zero_rate_mean": 0.9962402403354644,
      "dllm_zero_rate_mean": 0.9962402403354644,
      "bf16_linf_trials": [
        0.0078125,
        0.015625,
        0.0078125,
        0.0078125,
        0.0078125,
        0.015625,
        0.0078125,
        0.0078125,
        0.0078125,
        0.0078125
      ],
      "dllm_linf_trials": [
        0.0078125,
        0.015625,
        0.0078125,
        0.0078125,
        0.0078125,
        0.015625,
        0.0078125,
        0.0078125,
        0.0078125,
        0.0078125
      ]
    },
    {
      "K": 12288,
      "N": 12288,
      "bf16_linf_mean": 0.015625,
      "dllm_linf_mean": 0.0,
      "bf16_zero_rate_mean": 0.6101969599723815,
      "dllm_zero_rate_mean": 1.0,
      "bf16_linf_trials": [
        0.015625,
        0.015625,
        0.015625,
        0.015625,
        0.015625,
        0.015625,
        0.015625,
        0.015625,
        0.015625,
        0.015625
      ],
      "dllm_linf_trials": [
        0.0,
        0.0,
        0.0,
        0.0,
        0.0,
        0.0,
        0.0,
        0.0,
        0.0,
        0.0
      ]
    },
    {
      "K": 14336,
      "N": 14336,
      "bf16_linf_mean": 0.0171875,
      "dllm_linf_mean": 0.0140625,
      "bf16_zero_rate_mean": 0.5896414816379547,
      "dllm_zero_rate_mean": 0.9951451301574707,
      "bf16_linf_trials": [
        0.015625,
        0.015625,
        0.015625,
        0.015625,
        0.015625,
        0.03125,
        0.015625,
        0.015625,
        0.015625,
        0.015625
      ],
      "dllm_linf_trials": [
        0.015625,
        0.015625,
        0.015625,
        0.015625,
        0.015625,
        0.015625,
        0.015625,
        0.0078125,
        0.0078125,
        0.015625
      ]
    },
    {
      "K": 16384,
      "N": 16384,
      "bf16_linf_mean": 0.015625,
      "dllm_linf_mean": 0.0125,
      "bf16_zero_rate_mean": 0.589495849609375,
      "dllm_zero_rate_mean": 0.994451904296875,
      "bf16_linf_trials": [
        0.015625,
        0.015625,
        0.015625,
        0.015625,
        0.015625,
        0.015625,
        0.015625,
        0.015625,
        0.015625,
        0.015625
      ],