{
  "A: BF16+FP32flag": {
    "unique": 2,
    "transitions": [
      57,
      65,
      79,
      83
    ],
    "affected": 12,
    "affected_pct": 4.6875,
    "latency_ms": 1570.063496939838,
    "total_s": 401.9362552165985
  },
  "B: LayerCast": {
    "unique": 2,
    "transitions": [
      3,
      5,
      6,
      8,
      11,
      12
    ],
    "affected": 5,
    "affected_pct": 1.953125,
    "latency_ms": 7423.2633002102375,
    "total_s": 1900.3554048538208
  },
  "C: Hybrid_fp32out": {
    "unique": 2,
    "transitions": [
      3,
      5,
      6,
      8,
      11,
      12
    ],
    "affected": 5,
    "affected_pct": 1.953125,
    "latency_ms": 10470.853709615767,
    "total_s": 2680.5385496616364
  }
}