{
  "experiment_1_reward_signal": {
    "bf16_default": {
      "mean_abs_diff_per_prompt": [
        0.03475665673613548,
        0.015040479600429535,
        0.02503657341003418,
        0.018975039944052696,
        0.02305672876536846,
        0.027363231405615807,
        0.010898828506469727,
        0.02097368612885475,
        0.02696610800921917,
        0.03223443403840065,
        0.025473041459918022,
        0.017461642622947693,
        0.02656235359609127,
        0.026694662868976593,
        0.01095147617161274,
        0.029446808621287346,
        0.016038373112678528,
        0.03329649940133095,
        0.030403966084122658,
        0.019458023831248283,
        0.018073013052344322,
        0.01766684092581272,
        0.013508277013897896,
        0.025881288573145866,
        0.028312325477600098,
        0.03988213092088699,
        0.02249237336218357,
        0.020445693284273148,
        0.01871810294687748,
        0.023142999038100243
      ],
      "max_diff_per_prompt": [
        0.10706710815429688,
        0.08116483688354492,
        0.08116483688354492,
        0.08358287811279297,
        0.08116483688354492,
        0.08116483688354492,
        0.08358287811279297,
        0.08116483688354492,
        0.10706710815429688,
        0.08522415161132812,
        0.10706710815429688,
        0.08358287811279297,
        0.08116483688354492,
        0.08116483688354492,
        0.08358287811279297,
        0.08116483688354492,
        0.08116483688354492,
        0.08116483688354492,
        0.11943399906158447,
        0.08358287811279297,
        0.10706710815429688,
        0.08358287811279297,
        0.08116483688354492,
        0.08116483688354492,
        0.10706710815429688,
        0.10706710815429688,
        0.10706710815429688,
        0.08358287811279297,
        0.08358287811279297,
        0.08358287811279297
      ],
      "nonzero_frac_per_prompt": [
        1.0,
        1.0,
        1.0,
        1.0,
        1.0,
        1.0,
        1.0,
        1.0,
        1.0,
        1.0,
        1.0,
        1.0,
        1.0,
        1.0,
        1.0,
        1.0,
        1.0,
        1.0,
        1.0,
        1.0,
        1.0,
        1.0,
        1.0,
        1.0,
        1.0,
        1.0,
        1.0,
        1.0,
        1.0,
        1.0
      ],
      "global_mean_abs_diff": 0.023014798760414124,
      "global_max_abs_diff": 0.11943399906158447,
      "global_median_abs_diff": 0.010100483894348145,
      "global_nonzero_frac": 1.0,
      "paired_ttest_t_stat": 18.04818947925577,
      "paired_ttest_p_value": 2.6025726567998425e-17,
      "num_prompts": 30,
      "total_positions": 357
    },
    "fp32_accum": {
      "mean_abs_diff_per_prompt": [
        0.01681460067629814,
        0.016586631536483765,
        0.025191418826580048,
        0.013530167751014233,
        0.012285154312849045,
        0.02287827990949154,
        0.008732736110687256,
        0.013237956911325455,
        0.016055595129728317,
        0.01296305377036333,
        0.01753845252096653,
        0.005445839371532202,
        0.007306811865419149,
        0.024441305547952652,
        0.018518593162298203,
        0.01849442347884178,
        0.01419545616954565,
        0.010139855556190014,
        0.01654985547065735,
        0.018984969705343246,
        0.021499572321772575,
        0.010756176896393299,
        0.014142806641757488,
        0.014458595775067806,
        0.017695827409625053,
        0.010324494913220406,
        0.015110485255718231,
        0.011631490662693977,
        0.014828946441411972,
        0.011253141798079014
      ],
      "max_diff_per_prompt": [
        0.04982316493988037,
        0.052194833755493164,
        0.07318401336669922,
        0.06748247146606445,
        0.035713911056518555,
        0.07285720109939575,
        0.04074728488922119,
        0.06194138526916504,
        0.04378938674926758,
        0.05581533908843994,
        0.08220982551574707,
        0.04181542992591858,
        0.02324998378753662,
        0.06660246849060059,
        0.06342494487762451,
        0.06996214389801025,
        0.052194833755493164,
        0.024952292442321777,
        0.07234930992126465,
        0.08393585681915283,
        0.07941001653671265,
        0.05988729000091553,
        0.052194833755493164,
        0.056014299392700195,
        0.061870455741882324,
        0.031845688819885254,
        0.053990960121154785,
        0.045647501945495605,
        0.0567629337310791,
        0.059606075286865234
      ],
      "nonzero_frac_per_prompt": [
        1.0,
        1.0,
        1.0,
        1.0,
        1.0,
        1.0,
        1.0,
        1.0,
        1.0,
        1.0,
        1.0,
        1.0,
        1.0,
        1.0,
        1.0,
        1.0,
        1.0,
        1.0,
        1.0,
        1.0,
        1.0,
        1.0,
        1.0,
        1.0,
        1.0,
        1.0,
        1.0,
        1.0,
        1.0,
        1.0
      ],
      "global_mean_abs_diff": 0.014946820214390755,
      "global_max_abs_diff": 0.08393585681915283,
      "global_median_abs_diff": 0.006726264953613281,
      "global_nonzero_frac": 1.0,
      "paired_ttest_t_stat": 17.310803654712945,
      "paired_ttest_p_value": 7.899089706614354e-17,
      "num_prompts": 30,
      "total_positions": 357
    }
  },
  "experiment_2_distillation": {
    "bf16_default": {
      "mean_kl_per_prompt": [
        0.000769553822465241,
        0.0006413496448658407,
        0.0007412142585963011,
        0.0004875787708442658,
        0.0005411871243268251,
        0.0009818105027079582,
        0.00042137978016398847,
        0.0005412632599473,
        0.0006181736243888736,
        0.0006826769094914198,
        0.0006169992848299444,
        0.0003507299697957933,
        0.000790647987741977,
        0.0007106901030056179,
        0.0003732856421265751,
        0.000915836775675416,
        0.0004685146559495479,
        0.0007713811355642974,
        0.0007743168971501291,
        0.0006586555973626673,
        0.0005123686278238893,
        0.0004757205897476524,
        0.0005556935211643577,
        0.0006309619056992233,
        0.0008771132561378181,
        0.0010142711689695716,
        0.0005385431577451527,
        0.0004053007869515568,
        0.0005881146062165499,
        0.0006369521142914891
      ],
      "max_kl_per_prompt": [
        0.002071317983791232,
        0.0021968891378492117,
        0.0021968891378492117,
        0.0021787139121443033,
        0.0021968891378492117,
        0.0021968891378492117,
        0.0021787139121443033,
        0.0021968891378492117,
        0.002071317983791232,
        0.0021787139121443033,
        0.002071317983791232,
        0.0021787139121443033,
        0.0021968891378492117,
        0.0021968891378492117,
        0.0021787139121443033,
        0.0021968891378492117,
        0.0021968891378492117,
        0.0021968891378492117,
        0.0034079421311616898,
        0.0021787139121443033,
        0.002071317983791232,
        0.0021787139121443033,
        0.0021968891378492117,
        0.0021968891378492117,
        0.002071317983791232,
        0.002071317983791232,
        0.002071317983791232,
        0.0021787139121443033,
        0.0021787139121443033,
        0.0021787139121443033
      ],