{
  "config": {
    "model_path": "/workspace/Models/Llama-3.1-8B-Instruct",
    "num_queries": 10,
    "max_new_tokens": 128,
    "num_runs": 3,
    "seed": 42
  },
  "pure_bf16": {
    "mode": "Pure BF16 (BF16 storage + BF16 compute)",
    "num_queries": 10,
    "num_runs": 3,
    "per_query_avg_latency_ms": [
      4208.972565519313,
      4527.540917508304,
      4214.8870049665375,
      4525.396576151252,
      4161.761273319523,
      4159.969600848854,
      4694.237910211086,
      4236.511051965256,
      4197.346951502065,
      4199.2989250769215
    ],
    "per_query_avg_tokenization_ms": [
      1.5933755785226822,
      1.411900855600834,
      1.9924398511648178,
      1.1484874412417412,
      1.2388828520973523,
      1.2510341281692188,
      1.4150006075700123,
      2.142190933227539,
      1.402098685503006,
      1.7838925123214722
    ],
    "per_query_avg_inference_ms": [
      4207.34687273701,
      4526.097835352023,
      4212.86478297164,
      4524.216211400926,
      4160.491404123604,
      4158.6886538813515,
      4692.793399095535,
      4234.338357113302,
      4195.913982577622,
      4197.483949673672
    ],
    "overall_mean_latency_ms": 4312.592277706911,
    "overall_std_latency_ms": 366.11462527642755,
    "overall_mean_tokenization_ms": 1.5379303445418675,
    "overall_mean_inference_ms": 4311.023544892669,
    "overall_std_inference_ms": 366.15105882892976,
    "total_time_ms": 129377.76833120733
  },
  "layercast": {
    "mode": "LayerCast (BF16 storage + FP32 compute)",
    "num_queries": 10,
    "num_runs": 3,
    "per_query_avg_latency_ms": [
      14836.03651728481,
      14807.054397339622,
      14968.629792022208,
      14813.102713165184,
      14813.197264447808,
      14803.48126621296,
      14799.700272269547,
      14982.490287783245,
      14795.690196566284,
      14867.760264314711
    ],
    "per_query_avg_tokenization_ms": [
      2.277007636924585,
      1.3830428943037987,
      2.491049158076445,
      1.436999998986721,
      1.816532885034879,
      1.6088138024012248,
      1.529391234119733,
      2.416089177131653,
      1.487123469511668,
      2.1731434389948845
    ],
    "per_query_avg_inference_ms": [
      14833.716987011334,
      14805.638453612724,
      14966.108187722662,
      14811.635200865567,
      14811.34109882017,
      14801.840840217968,
      14798.140185885131,
      14980.042619009813,
      14794.170854302743,
      14865.556483156979
    ],
    "overall_mean_latency_ms": 14848.714297140637,
    "overall_std_latency_ms": 67.46586695489142,
    "overall_mean_tokenization_ms": 1.8619193695485592,
    "overall_mean_inference_ms": 14846.81909106051,
    "overall_std_inference_ms": 67.1095342426563,
    "total_time_ms": 445461.42891421914
  },
  "comparison": {
    "bf16_latency_ms": 4311.023544892669,
    "layercast_latency_ms": 14846.81909106051,
    "slowdown_factor": 3.44391974120618,
    "speedup_factor": 0.2903668131504613
  }
}